https://www.aaas.org/news/focus-areas/human-rights-law-ethics,"Human Rights, Ethics & Law",aaas,The American Association for the Advancement of Science
https://www.aaas.org/news/news/bonds-between-aaas-and-hubble-span-three-decades,Bonds Between AAAS and Hubble Span Three Decades,aaas,The American Association for the Advancement of Science
https://www.aaas.org/news/news/neighborhood-differences-air-pollution-persist-decades,Neighborhood Differences in Air Pollution Persist for Decades,aaas,The American Association for the Advancement of Science
https://www.aaas.org/news/news/gsk-science-summer-pivots-hands-learning-home,GSK Science in the Summer Pivots to Hands-On Learning at Home,aaas,The American Association for the Advancement of Science
https://www.aaas.org/news/news/age-related-inflammation-may-worsen-covid-19-outcomes-older-individuals,Age-Related Inflammation May Worsen COVID-19 Outcomes in Older Individuals,aaas,The American Association for the Advancement of Science
https://www.aaas.org/news/news/ai-experts-begin-engagement-efforts-leshner-fellows,AI Experts Begin Engagement Efforts as Leshner Fellows,aaas,The American Association for the Advancement of Science
https://www.aaas.org/news/news/neighborhood-differences-air-pollution-persist-decades,Neighborhood Differences in Air Pollution Persist for Decades,aaas,The American Association for the Advancement of Science
https://www.aaas.org/news/news/bonds-between-aaas-and-hubble-span-three-decades,Bonds Between AAAS and Hubble Span Three Decades,aaas,The American Association for the Advancement of Science
https://www.aaas.org/news/news/gsk-science-summer-pivots-hands-learning-home,GSK Science in the Summer Pivots to Hands-On Learning at Home,aaas,The American Association for the Advancement of Science
https://www.aaas.org/news/news/age-related-inflammation-may-worsen-covid-19-outcomes-older-individuals,Age-Related Inflammation May Worsen COVID-19 Outcomes in Older Individuals,aaas,The American Association for the Advancement of Science
https://www.aaas.org/news/news/ai-experts-begin-engagement-efforts-leshner-fellows,AI Experts Begin Engagement Efforts as Leshner Fellows,aaas,The American Association for the Advancement of Science
https://www.aaas.org/news/news/aaas-ceo-calls-federal-rd-fuel-us-innovation-and-recovery,AAAS CEO Calls for Federal R&D to Fuel U.S. Innovation and Recovery,aaas,The American Association for the Advancement of Science
https://www.aaas.org/news/news/prize-winner-uncovers-microbes-role-tissue-repair,Prize Winner Uncovers Microbes’ Role in Tissue Repair,aaas,The American Association for the Advancement of Science
https://www.aaas.org/news/news/aaas-recognizes-engagement-projects-connecting-scientific-and-religious-communities,AAAS Recognizes Engagement Projects Connecting Scientific and Religious Communities,aaas,The American Association for the Advancement of Science
https://www.aaas.org/news/focus-areas/human-rights-law-ethics,"Human Rights, Ethics & Law",aaas,The American Association for the Advancement of Science
