http://www.aps.dz/en//en/algeria/35518-president-tebboune-macron-have-telephone-conversation,"President Tebboune, Macron have telephone conversation - Thursday, 27 August 2020 19:30",aps,Algeria Press Service
http://www.aps.dz/en//en/algeria/35517-covid-19-over-30-000-algerians-repatriated-since-last-march,"Covid-19: Over 30,000 Algerians repatriated since last March - Thursday, 27 August 2020 19:11",aps,Algeria Press Service
http://www.aps.dz/en//en/economy/35516-covid-19-draft-decree-to-maintain-interest-rate-subsidy-for-companies-individuals,"Covid-19: Draft decree to maintain interest rate subsidy for companies, individuals - Thursday, 27 August 2020 18:21",aps,Algeria Press Service
http://www.aps.dz/en//en/health-science-technology/35515-covid-19-397-new-cases-271-recoveries-and-10-deaths,"Covid-19: 397 new cases, 271 recoveries and 10 deaths - Thursday, 27 August 2020 17:17",aps,Algeria Press Service
http://www.aps.dz/en//en/algeria/35514-algeria-sends-100-tonnes-of-humanitarian-aids-to-niger,"Algeria sends 100 tonnes of humanitarian aids to Niger - Thursday, 27 August 2020 17:02",aps,Algeria Press Service
http://www.aps.dz/en//en/algeria/35513-draft-decree-establishing-industrial-agriculture-development-office-in-south,"Draft decree establishing Industrial Agriculture Development Office in south - Thursday, 27 August 2020 15:18",aps,Algeria Press Service
http://www.aps.dz/en//en/health-science-technology/35511-internet-release-of-new-frequencies-to-improve-speed-rapidly,"Internet: Release of new frequencies to improve speed rapidly  - Thursday, 27 August 2020 11:32",aps,Algeria Press Service
http://www.aps.dz/en//en/algeria/35510-lower-house-2020-2021-ordinary-session-to-open-wednesday,"Lower House: 2020-2021 ordinary session to open Wednesday - Thursday, 27 August 2020 11:13",aps,Algeria Press Service
http://www.aps.dz/en//en/algeria/35509-covid-19-486-algerian-nationals-repatriated-from-morocco-france,"Covid-19: 486 Algerian nationals repatriated from Morocco, France - Thursday, 27 August 2020 11:13",aps,Algeria Press Service
http://www.aps.dz/en//en/economy/35508-jijel-10-000-litres-of-olive-oil-exported-to-europe-from-djen-djen-port,"Jijel: 10,000 litres of olive oil exported to Europe from Djen Djen Port - Thursday, 27 August 2020 09:39",aps,Algeria Press Service
http://www.aps.dz/en//en/world/35507-human-rights-defense-mechanism-for-western-sahara,"Human rights defense mechanism for Western Sahara   - Thursday, 27 August 2020 09:32",aps,Algeria Press Service
http://www.aps.dz/en//en/algeria/35506-algeria-s-borders-in-good-hands-of-army,"Algeria's borders are in safe hands of Army - Wednesday, 26 August 2020 19:11",aps,Algeria Press Service
http://www.aps.dz/en//en/world/35505-un-virtual-meeting-to-celebrate-the-international-day-against-nuclear-tests,"UN Virtual meeting to celebrate International Day Against Nuclear Tests - Wednesday, 26 August 2020 19:01",aps,Algeria Press Service
http://www.aps.dz/en//en/algeria/35504-protecting-executives-against-arbitrary-practices-will-optimize-their-management,"Protecting executives against arbitrary practices will optimize their management - Wednesday, 26 August 2020 18:20",aps,Algeria Press Service
http://www.aps.dz/en//en/health-science-technology/35503-covid-19-391-new-cases-299-recoveries-and-9-deaths,"Covid-19: 391 new cases, 299 recoveries and 9 deaths - Wednesday, 26 August 2020 17:20",aps,Algeria Press Service
http://www.aps.dz/en//en/algeria/35502-nuclear-power-france-called-upon-to-dig-up-waste-in-south-of-algeria,"Nuclear explosions: France called upon to dig up waste in south of Algeria - Wednesday, 26 August 2020 15:09",aps,Algeria Press Service
http://www.aps.dz/en//en/sports/35501-judo-federation-opens-door-to-algerian-immigrants-expatriates,"Judo Federation opens door to Algerian expatriates - Wednesday, 26 August 2020 11:35",aps,Algeria Press Service
http://www.aps.dz/en//en/culture/35500-recovery-of-gargon-mask-reward-for-culture-sector-in-preserving-archaeological-heritage,"Recovery of Gargon Mask, stresses Culture sector's role in preserving archaeological heritage - Wednesday, 26 August 2020 09:08",aps,Algeria Press Service
http://www.aps.dz/en//en/sports/35499-au-youth-ministers-adopt-recommendations-to-mitigate-impact-of-covid-19,"AU Youth Ministers adopt recommendations to mitigate impact of Covid-19 - Tuesday, 25 August 2020 18:13",aps,Algeria Press Service
http://www.aps.dz/en//en/world/35498-libya-s-return-to-international-scene-a-boost-for-amu,"Libya's return to international scene, a boost for AMU - Tuesday, 25 August 2020 17:42",aps,Algeria Press Service
http://www.aps.dz/en//en/algeria/35513-draft-decree-establishing-industrial-agriculture-development-office-in-south,Draft decree establishing Industrial Agriculture Development Office in south,aps,Algeria Press Service
http://www.aps.dz/en//en/algeria/35489-referendum-on-constitutional-revision-set-for-november-1,Referendum on constitutional revision set for November 1,aps,Algeria Press Service
http://www.aps.dz/en//en/algeria/35468-president-tebboune-chairs-at-cherchell-military-academy-graduation-of-three-promotions-of-officers,"President Tebboune chairs, at Cherchell Military Academy, graduation of…",aps,Algeria Press Service
http://www.aps.dz/en//en/algeria/35463-president-tebboune-chairs-at-cherchell-military-academy-graduation-of-three-promotions-of-officers,"President Tebboune chairs, at Cherchell Military Academy, graduation of…",aps,Algeria Press Service
http://www.aps.dz/en//en/algeria/35518-president-tebboune-macron-have-telephone-conversation,"President Tebboune, Macron have telephone…",aps,Algeria Press Service
http://www.aps.dz/en//en/algeria/35517-covid-19-over-30-000-algerians-repatriated-since-last-march,"Covid-19: Over 30,000 Algerians repatriated since…",aps,Algeria Press Service
http://www.aps.dz/en//en/economy/35516-covid-19-draft-decree-to-maintain-interest-rate-subsidy-for-companies-individuals,Covid-19: Draft decree to maintain interest rate…,aps,Algeria Press Service
http://www.aps.dz/en//en/health-science-technology/35515-covid-19-397-new-cases-271-recoveries-and-10-deaths,"Covid-19: 397 new cases, 271 recoveries and 10…",aps,Algeria Press Service
http://www.aps.dz/en//en/algeria/35514-algeria-sends-100-tonnes-of-humanitarian-aids-to-niger,Algeria sends 100 tonnes of humanitarian aids to…,aps,Algeria Press Service
http://www.aps.dz/en//en/algeria/35513-draft-decree-establishing-industrial-agriculture-development-office-in-south,Draft decree establishing Industrial Agriculture…,aps,Algeria Press Service
http://www.aps.dz/en//en/health-science-technology/35511-internet-release-of-new-frequencies-to-improve-speed-rapidly,Internet: Release of new frequencies to improve…,aps,Algeria Press Service
http://www.aps.dz/en//en/algeria/35510-lower-house-2020-2021-ordinary-session-to-open-wednesday,Lower House: 2020-2021 ordinary session to open…,aps,Algeria Press Service
http://www.aps.dz/en//en/algeria/35509-covid-19-486-algerian-nationals-repatriated-from-morocco-france,Covid-19: 486 Algerian nationals repatriated from…,aps,Algeria Press Service
http://www.aps.dz/en//en/economy/35508-jijel-10-000-litres-of-olive-oil-exported-to-europe-from-djen-djen-port,"Jijel: 10,000 litres of olive oil exported to…",aps,Algeria Press Service
http://www.aps.dz/en//en/economy/35488-energy-consumption-job-and-wealth-generating-sector-prioritized,Energy consumption: Job and wealth generating…,aps,Algeria Press Service
http://www.aps.dz/en//en/algeria/35489-referendum-on-constitutional-revision-set-for-november-1,Referendum on constitutional revision set for…,aps,Algeria Press Service
http://www.aps.dz/en//en/economy/35483-solar-power-plants-two-new-programmes-of-500-megawatts-each-to-be-launched-soon,Solar power plants: Two new programmes of 500…,aps,Algeria Press Service
http://www.aps.dz/en//en/algeria/35480-president-tebboune-receives-india-s-outgoing-ambassador,President Tebboune receives India's outgoing…,aps,Algeria Press Service
http://www.aps.dz/en//en/algeria/35482-government-will-pursue-efforts-to-clean-up-advertising-sector-says-belhimer,Government will pursue efforts “to clean up”…,aps,Algeria Press Service
http://www.aps.dz/en//en/economy/35479-president-tebboune-assigns-nesc-as-mediator-between-government-economic-operators,President Tebboune assigns NESC as mediator…,aps,Algeria Press Service
http://www.aps.dz/en//en/health-science-technology/35486-coronavirus-398-new-cases-227-recoveries-and-11-deaths-over-last-24hrs,"Coronavirus: 398 new cases, 227 recoveries and 11…",aps,Algeria Press Service
http://www.aps.dz/en//en/sports/35499-au-youth-ministers-adopt-recommendations-to-mitigate-impact-of-covid-19,AU Youth Ministers adopt recommendations to…,aps,Algeria Press Service
http://www.aps.dz/en//en/world/35498-libya-s-return-to-international-scene-a-boost-for-amu,"Libya's return to international scene, a boost…",aps,Algeria Press Service
http://www.aps.dz/en//en/algeria/35484-anep-clearance-of-newspapers-advertising-claims,ANEP: Clearance of newspapers’ advertising claims,aps,Algeria Press Service
http://www.aps.dz/en//en/algeria/35517-covid-19-over-30-000-algerians-repatriated-since-last-march,"Covid-19: Over 30,000 Algerians repatriated since last March",aps,Algeria Press Service
http://www.aps.dz/en//en/economy/35516-covid-19-draft-decree-to-maintain-interest-rate-subsidy-for-companies-individuals,"Covid-19: Draft decree to maintain interest rate subsidy for companies, individuals",aps,Algeria Press Service
http://www.aps.dz/en//en/health-science-technology/35515-covid-19-397-new-cases-271-recoveries-and-10-deaths,"Covid-19: 397 new cases, 271 recoveries and 10 deaths",aps,Algeria Press Service
http://www.aps.dz/en//en/algeria/35514-algeria-sends-100-tonnes-of-humanitarian-aids-to-niger,Algeria sends 100 tonnes of humanitarian aids to Niger,aps,Algeria Press Service
http://www.aps.dz/en//en/algeria/35506-algeria-s-borders-in-good-hands-of-army,"Algeria's borders are in ""safe hands"" of Army",aps,Algeria Press Service
http://www.aps.dz/en//en/algeria/35518-president-tebboune-macron-have-telephone-conversation,"President Tebboune, Macron have telephone conversation",aps,Algeria Press Service
http://www.aps.dz/en//en/algeria/35509-covid-19-486-algerian-nationals-repatriated-from-morocco-france,"Covid-19: 486 Algerian nationals repatriated from Morocco, France",aps,Algeria Press Service
http://www.aps.dz/en//en/algeria/35510-lower-house-2020-2021-ordinary-session-to-open-wednesday,Lower House: 2020-2021 ordinary session to open Wednesday,aps,Algeria Press Service
http://www.aps.dz/en//en/algeria/35504-protecting-executives-against-arbitrary-practices-will-optimize-their-management,Protecting executives against arbitrary practices will optimize their management,aps,Algeria Press Service
http://www.aps.dz/en//en/algeria/35450-algeria-embarks-on-new-era-of-its-history,Algeria embarks on new era of its history,aps,Algeria Press Service
http://www.aps.dz/en//en/algeria/35001-third-terrorist-killed-in-medea,Third terrorist killed in Medea,aps,Algeria Press Service
http://www.aps.dz/en//en/algeria/34988-prime-minister-to-meet-with-social-partners-economic-operators-on-saturday,"Prime Minister to meet with social partners, economic operators on…",aps,Algeria Press Service
http://www.aps.dz/en//en/algeria/34854-parliament-s-lower-house-to-take-part-in-pam-meeting,Parliament’s Lower House to take part in PAM meeting,aps,Algeria Press Service
http://www.aps.dz/en//en/algeria/34824-independence-day-president-tebboune-grants-pardon-to-4700-detainees,Independence Day: President Tebboune grants pardon to 4700 detainees,aps,Algeria Press Service
http://www.aps.dz/en//en/algeria/35489-referendum-on-constitutional-revision-set-for-november-1,Referendum on constitutional revision set for November 1,aps,Algeria Press Service
http://www.aps.dz/en//en/algeria/34821-election-authority-submits-proposals-to-committee-of-experts,Election authority submits proposals to Committee of Experts,aps,Algeria Press Service
http://www.aps.dz/en//en/algeria/34538-draft-amendment-to-constitution-constitutional-council-submits-proposals-to-president-of-republic,Constitution: Constitutional Council submits proposals to President of Republic,aps,Algeria Press Service
http://www.aps.dz/en//en/algeria/34179-draft-revision-of-constitution-constitutional-court-to-replace-constitutional-council,Draft revision of Constitution: Constitutional court to replace Constitutional Council,aps,Algeria Press Service
http://www.aps.dz/en//en/algeria/34175-draft-revision-of-constitution-national-independent-authority-for-elections-constitutionalized,Draft constitutional revision: Independent Authority for Elections constitutionalized,aps,Algeria Press Service
http://www.aps.dz/en//en/economy/34174-draft-revision-of-constitution-guarantees-for-more-effective-protection-of-public-funds,Guarantees for more effective protection of public funds,aps,Algeria Press Service
http://www.aps.dz/en//en/economy/35508-jijel-10-000-litres-of-olive-oil-exported-to-europe-from-djen-djen-port,"Jijel: 10,000 litres of olive oil exported to Europe from Djen Djen Port",aps,Algeria Press Service
http://www.aps.dz/en//en/economy/35493-algeria-s-annual-inflation-rate-at-2-2-late-july,Algeria's annual inflation rate at 2.2% late July,aps,Algeria Press Service
http://www.aps.dz/en//en/economy/35483-solar-power-plants-two-new-programmes-of-500-megawatts-each-to-be-launched-soon,Solar power plants: Two new programmes of 500 megawatts each to be launched soon,aps,Algeria Press Service
http://www.aps.dz/en//en/economy/35479-president-tebboune-assigns-nesc-as-mediator-between-government-economic-operators,"President Tebboune assigns NESC as mediator between government, economic operators",aps,Algeria Press Service
http://www.aps.dz/en//en/economy/35477-tebboune-orders-reconsideration-of-land-sea-and-air-transport-system,"Tebboune orders reconsideration of land, sea and air transport system",aps,Algeria Press Service
http://www.aps.dz/en//en/economy/35143-algeria-adopts-courageous-economic-policies,"Algeria adopts ""courageous"" economic policies",aps,Algeria Press Service
http://www.aps.dz/en//en/economy/34590-rezig-discusses-with-eu-trade-commissioner,Rezig discusses with EU Trade Commissioner,aps,Algeria Press Service
http://www.aps.dz/en//en/economy/34541-sonatrach-oil-production-did-not-decrease-despite-staff-reduction,Sonatrach: Oil production did not decrease despite staff reduction,aps,Algeria Press Service
http://www.aps.dz/en//en/economy/34454-arkab-to-chair-179th-opec-conference-meeting-on-saturday,Arkab to Chair 179th OPEC Conference Meeting on Saturday,aps,Algeria Press Service
http://www.aps.dz/en//en/economy/34300-raouya-broaches-economic-cooperation-with-ifc-vice-president,Raouya broaches economic cooperation with IFC Vice President,aps,Algeria Press Service
http://www.aps.dz/en//en/world/35507-human-rights-defense-mechanism-for-western-sahara,Human rights defense mechanism for Western Sahara,aps,Algeria Press Service
http://www.aps.dz/en//en/world/35505-un-virtual-meeting-to-celebrate-the-international-day-against-nuclear-tests,UN Virtual meeting to celebrate International Day Against Nuclear Tests,aps,Algeria Press Service
http://www.aps.dz/en//en/world/35494-morocco-plans-to-erect-third-solar-power-plant-in-occupied-dakhla,Morocco plans to erect third solar power plant in occupied Dakhla,aps,Algeria Press Service
http://www.aps.dz/en//en/world/35084-escalation-in-libya-algiers-moscow-call-for-resumption-of-inter-libyan-dialogue,"Escalation in Libya: Algiers, Moscow call for resumption of…",aps,Algeria Press Service
http://www.aps.dz/en//en/world/34647-arab-league-extraordinary-meeting-monday-on-libya,Arab League holds Monday extraordinary meeting on Libya,aps,Algeria Press Service
http://www.aps.dz/en//en/world/33317-guterres-alarmed-to-see-human-rights-under-assault,"Guterres alarmed to see human rights ""under assault""",aps,Algeria Press Service
http://www.aps.dz/en//en/world/32767-berlin-conference-on-libyan-crisis-kicks-off,Berlin Conference on Libyan crisis kicks off,aps,Algeria Press Service
http://www.aps.dz/en//en/world/32620-polisario-front-rejects-crossing-of-a-rally-into-occupied-sahara-territories,Polisario Front rejects crossing of a Rally into occupied Sahara…,aps,Algeria Press Service
http://www.aps.dz/en//en/sports/35501-judo-federation-opens-door-to-algerian-immigrants-expatriates,Judo Federation opens door to Algerian expatriates,aps,Algeria Press Service
http://www.aps.dz/en//en/sports/35499-au-youth-ministers-adopt-recommendations-to-mitigate-impact-of-covid-19,AU Youth Ministers adopt recommendations to mitigate impact of Covid-19,aps,Algeria Press Service
http://www.aps.dz/en//en/sports/35365-covid-19-six-months-for-swimmers-qualified-for-tokyo-olympics-to-get-in-shape,"Covid-19: Six months for swimmers, qualified for Tokyo Olympics, to get in shape",aps,Algeria Press Service
http://www.aps.dz/en//en/sports/35321-football-women-s-championship-jf-khroub-champion-of-algeria-for-2019-2020,Football/Women’s Championship: JF Khroub Champion of Algeria for 2019-2020,aps,Algeria Press Service
http://www.aps.dz/en//en/sports/35262-football-league-1-francois-ciccolini-new-coach-of-usm-algiers,Football/ League 1: François Ciccolini new coach of USM Algiers,aps,Algeria Press Service
http://www.aps.dz/en//en/sports/32783-football-world-cup-2022-2nd-qualifying-round-africa-algeria-to-know-opponents-on-tuesday,Football World Cup-2022 (2nd qualifying round/Africa): Algeria to…,aps,Algeria Press Service
http://www.aps.dz/en//en/sports/32779-organization-of-africa-futsal-cup-of-nations-in-occupied-el-aaiun-widely-condemned,Organization of Africa Futsal Cup of Nations in occupied El-Aaiun…,aps,Algeria Press Service
http://www.aps.dz/en//en/sports/32487-senior-wrestling-national-championship-competition-on-tuesday-wednesday-at-mohamed-boudiaf-complex,"National Wrestling Championship (Seniors): Competition on Tuesday,…",aps,Algeria Press Service
http://www.aps.dz/en//en/sports/32301-aps-to-launch-tuesday-best-athlete-survey-2019,APS to launch Tuesday Best Athlete Survey 2019,aps,Algeria Press Service
http://www.aps.dz/en//en/sports/31917-oujda-angad-open-algerian-mebarki-at-last-8,Oujda Angad Open: Algerian Mebarki books place in last 8,aps,Algeria Press Service
http://www.aps.dz/en//en/culture/35500-recovery-of-gargon-mask-reward-for-culture-sector-in-preserving-archaeological-heritage,"Recovery of Gargon Mask, stresses Culture sector's role in preserving archaeological heritage",aps,Algeria Press Service
http://www.aps.dz/en//en/culture/35491-culture-integral-part-of-economic-reform-process,"Culture, integral part of economic reform process",aps,Algeria Press Service
http://www.aps.dz/en//en/culture/35490-djerad-chairs-ceremony-awarding-artists-intellectuals,"Djerad chairs ceremony awarding artists, intellectuals",aps,Algeria Press Service
http://www.aps.dz/en//en/culture/35446-the-salt-of-all-oblivion-yasmina-s-khadra-new-novel,"""The salt of all oblivion,"" Yasmina Khadra's new novel",aps,Algeria Press Service
http://www.aps.dz/en//en/culture/35423-storyteller-seddik-mahi-partakes-in-virtual-edition-of-morocco-of-tales-international-festival,"Storyteller Seddik Mahi partakes in virtual edition of ""Morocco of Tales"" International…",aps,Algeria Press Service
http://www.aps.dz/en//en/culture/34668-digital-portal-short-film-festival-33-films-to-particpate-in-june-s-edition,Digital Portal Short Film Festival: 33 films to participate in June's…,aps,Algeria Press Service
http://www.aps.dz/en//en/culture/34625-secretary-of-state-for-cultural-production-participates-in-virtual-seminar-music-in-resilience,Secretary of State for Cultural Production participates in virtual…,aps,Algeria Press Service
http://www.aps.dz/en//en/culture/34490-national-artist-day-prime-minister-extends-best-wishes-to-artists,National Artist Day: Prime Minister extends best wishes to artists,aps,Algeria Press Service
http://www.aps.dz/en//en/culture/33390-algerian-mounia-meddour-s-papicha-receives-two-cesar-awards,Algerian Mounia Meddour’s Papicha receives two César Awards,aps,Algeria Press Service
http://www.aps.dz/en//en/culture/30667-francophone-film-festival-mounia-meddour-s-papicha-wins-three-awards,"Francophone Film Festival: Mounia Meddour's ""Papicha,"" wins three…",aps,Algeria Press Service
http://www.aps.dz/en//en/society/35481-road-accidents-death-toll-declines-in-last-seven-months,Road accidents: Death toll declines in last seven months,aps,Algeria Press Service
http://www.aps.dz/en//en/society/35471-zakat-set-at-dzd705-500-year-1442,Zakat set at DZD705 500 for year 1442,aps,Algeria Press Service
http://www.aps.dz/en//en/society/35458-zawiyas-preserved-national-identity-society-s-values,"Zawiyas preserved national identity, society’s values",aps,Algeria Press Service
http://www.aps.dz/en//en/society/34220-road-accident-25-killed-1-042-injured-in-one-week,"Road accident: 25 killed, 1,042 injured in one week",aps,Algeria Press Service
http://www.aps.dz/en//en/society/33740-cra-distributes-foodstuffs-in-several-provinces-in-last-48-hours,CRA distributes foodstuffs in several provinces in last 48 hours,aps,Algeria Press Service
http://www.aps.dz/en//en/society/32520-road-accidents-114-people-injured-in-urban-areas-last-weekend,Road accidents: 114 people injured in urban areas last weekend,aps,Algeria Press Service
http://www.aps.dz/en//en/society/31766-road-accidents-24-dead-1-109-injured-in-one-week,"Road accidents: 24 dead, 1,109 injured in one week",aps,Algeria Press Service
http://www.aps.dz/en//en/society/31269-road-accidents-9-killed-9-injured-in-48-hours,"Road accidents: 9 killed, 9 injured in 48 hours",aps,Algeria Press Service
http://www.aps.dz/en//en/regions/35472-mila-3-4-magnitude-quake-jolts-grarem-gouga,Mila : 3.4-magnitude quake jolts Grarem-Gouga,aps,Algeria Press Service
http://www.aps.dz/en//en/regions/35456-49-would-be-immigrants-arrested-off-mostaganem,49 would-be immigrants arrested off Mostaganem,aps,Algeria Press Service
http://www.aps.dz/en//en/regions/35380-ouargla-75-grey-areas-connected-to-landline-internet,"Ouargla: 75 grey areas connected to landline, internet",aps,Algeria Press Service
http://www.aps.dz/en//en/algeria/35450-algeria-embarks-on-new-era-of-its-history,Algeria embarks on new era of its history,aps,Algeria Press Service
http://www.aps.dz/en//en/health-science-technology/35448-coronavirus-411-new-cases-310-recoveries-9-fatalities-in-last-24h,"Coronavirus: 411 new cases, 310 recoveries, nine fatalities in last…",aps,Algeria Press Service
http://www.aps.dz/en//en/health-science-technology/35375-covid-19-algeria-records-469-new-cases-336-recoveries-and-nine-deaths-in-24-hours,"Covid-19: Algeria records 469 new cases, 336 recoveries and nine…",aps,Algeria Press Service
http://www.aps.dz/en//en/regions/35351-4-2-magnitude-tremor-shakes-blida,4.2- magnitude tremor shakes Blida,aps,Algeria Press Service
http://www.aps.dz/en//en/regions/35293-tipaza-earthquake-no-human-material-losses-reported,"Tipaza earthquake: No human, material losses reported",aps,Algeria Press Service
http://www.aps.dz/en//en/health-science-technology/35511-internet-release-of-new-frequencies-to-improve-speed-rapidly,"Internet: Release of new frequencies to improve speed ""rapidly""",aps,Algeria Press Service
http://www.aps.dz/en//en/health-science-technology/35492-benbouzid-reiterates-commitment-to-ensure-health-safety,Benbouzid reiterates commitment to ensure health safety,aps,Algeria Press Service
http://www.aps.dz/en//en/health-science-technology/35401-internet-algerie-telecom-lowers-prices-launches-young-entrepreneurs-pack,"Internet : Algérie Télécom lowers prices, launches Young Entrepreneurs' Pack",aps,Algeria Press Service
http://www.aps.dz/en//en/health-science-technology/35448-coronavirus-411-new-cases-310-recoveries-9-fatalities-in-last-24h,"Coronavirus: 411 new cases, 310 recoveries, nine fatalities in last…",aps,Algeria Press Service
http://www.aps.dz/en//en/health-science-technology/35375-covid-19-algeria-records-469-new-cases-336-recoveries-and-nine-deaths-in-24-hours,"Covid-19: Algeria records 469 new cases, 336 recoveries and nine…",aps,Algeria Press Service
http://www.aps.dz/en//en/health-science-technology/35214-coronavirus-515-new-cases-431-recoveries-and-8-deaths-in-last-24-hours,"Coronavirus: 515 new cases, 431 recoveries and 8 deaths in last 24…",aps,Algeria Press Service
http://www.aps.dz/en//en/health-science-technology/34881-coronavirus-460-new-cases-308-recoveries-10-fatalities-in-last-24h,"Coronavirus: 460 new cases, 308 recoveries, 10 fatalities in last 24h",aps,Algeria Press Service
http://www.aps.dz/en//en/health-science-technology/34703-coronavirus-283-new-cases-136-recoveries-and-7-deaths-in-last-24-hours,"Coronavirus: 283 new cases, 136 recoveries and 7 deaths in last 24…",aps,Algeria Press Service
