https://science.howstuffworks.com/terraform-mars.htm,Is it possible to terraform Mars?,hsw,HowStuffWorks
https://science.howstuffworks.com/innovation/science-questions/reality-not-computer-simulation-quantum-2017.htm,"Reality Probably Isn't a Computer Simulation After All, Analysis Finds",hsw,HowStuffWorks
https://science.howstuffworks.com/boyles-law.htm,What Is Boyle's Law and Why Do I Already Know It?,hsw,HowStuffWorks
https://science.howstuffworks.com/perseverance-mars-rover.htm,NASA's Perseverance Rover to Search for Signs of Ancient Martian Life,hsw,HowStuffWorks
https://science.howstuffworks.com/environmental/green-science/bill-nye.htm,Bill Nye Says the U.S. Is Failing a National Test of Science Literacy,hsw,HowStuffWorks
https://science.howstuffworks.com/engineering/structural/london-bridge.htm,"London Bridge Has Never Fallen Down, But It Keeps Getting Rebuilt",hsw,HowStuffWorks
https://science.howstuffworks.com/engineering/structural/pantheon.htm,What's the Difference Between the Pantheon and the Parthenon?,hsw,HowStuffWorks
https://science.howstuffworks.com/asphalt.htm,That Black Stuff on the Road? Technically Not Asphalt,hsw,HowStuffWorks
https://science.howstuffworks.com/environmental/green-science/bill-nye.htm,Bill Nye Says the U.S. Is Failing a National Test of Science Literacy,hsw,HowStuffWorks
https://science.howstuffworks.com/environmental/earth/geophysics/question157.htm,How Much Water Is There on Earth?,hsw,HowStuffWorks
https://science.howstuffworks.com/environmental/green-tech/sustainable/kernza.htm,Kernza: The Environment-friendly Wheat Crop that Wants to Feed the World,hsw,HowStuffWorks
https://science.howstuffworks.com/nature/natural-disasters/centralia.htm,Centralia: The Ghost Town That Sits Atop an Inferno,hsw,HowStuffWorks
https://science.howstuffworks.com/nature/natural-disasters/wildfire-thunderclouds.htm,Wildfires Can Form Monstrous Pyrocumulonimbus Clouds,hsw,HowStuffWorks
https://science.howstuffworks.com/nature/natural-disasters/australia-sized-wildfire-new-jersey.htm,New Jersey's Pinelands Are Ripe for an Australia-type Wildfire,hsw,HowStuffWorks
https://science.howstuffworks.com/innovation/big-thinkers/jerry-lawson.htm,Jerry Lawson Forever Changed the Video Game Industry,hsw,HowStuffWorks
https://science.howstuffworks.com/innovation/famous-inventors/hedy-lamarr.htm,How Hollywood Screen Siren Hedy Lamarr Helped Pioneer WiFi and GPS,hsw,HowStuffWorks
https://science.howstuffworks.com/innovation/inventions/face-to-face-translation.htm,Video Software System Syncs Lips to Other Languages,hsw,HowStuffWorks
https://science.howstuffworks.com/life/biology-fields/glacier-mice.htm,Glacier 'Mice' Move and That Has Scientists Stumped,hsw,HowStuffWorks
https://science.howstuffworks.com/life/cellular-microscopic/endoplasmic-reticulum.htm,What Does the Endoplasmic Reticulum Do?,hsw,HowStuffWorks
https://science.howstuffworks.com/life/biology-fields/commensalism.htm,"Commensalism: I Benefit, You Don't, but It's All Good",hsw,HowStuffWorks
https://science.howstuffworks.com/ghost-guns.htm,What Are Ghost Guns and Why Are They So Dangerous?,hsw,HowStuffWorks
https://science.howstuffworks.com/military-dogs-outrank-handlers.htm,U.S. Military Dogs Usually Outrank Their Handlers,hsw,HowStuffWorks
https://science.howstuffworks.com/hypersonic-missiles.htm,Hypersonic Missiles Fuel New Global Arms Race,hsw,HowStuffWorks
https://science.howstuffworks.com/boyles-law.htm,What Is Boyle's Law and Why Do I Already Know It?,hsw,HowStuffWorks
https://science.howstuffworks.com/math-concepts/corresponding-angles.htm,What Are Corresponding Angles and How Do You Find Them?,hsw,HowStuffWorks
https://science.howstuffworks.com/math-concepts/dodecahedron.htm,Dodecahedron: The 12-sided Shape With the 12-letter Name,hsw,HowStuffWorks
https://science.howstuffworks.com/dictionary/famous-scientists/physicists/marie-curie-family.htm,5 Facts About Marie Curie and the Winningest Nobel Prize Family in History,hsw,HowStuffWorks
https://science.howstuffworks.com/dictionary/physics-terms/plancks-constant.htm,"What Is Planck's Constant, and Why Does the Universe Depend on It?",hsw,HowStuffWorks
https://science.howstuffworks.com/dictionary/awards-organizations/nobel-prize.htm,Can You Nominate Yourself for a Nobel Prize?,hsw,HowStuffWorks
https://science.howstuffworks.com/science-vs-myth/strange-creatures/sasquatch-bigfoot-difference.htm,What's the Difference Between Sasquatch and Bigfoot?,hsw,HowStuffWorks
https://science.howstuffworks.com/science-vs-myth/strange-creatures/skinwalker.htm,The Skinwalker Is No Mere Werewolf,hsw,HowStuffWorks
https://science.howstuffworks.com/science-vs-myth/unexplained-phenomena/dog-suicide-bridge.htm,What's Really Going on at the 'Dog Suicide Bridge'?,hsw,HowStuffWorks
https://science.howstuffworks.com/perseverance-mars-rover.htm,NASA's Perseverance Rover to Search for Signs of Ancient Martian Life,hsw,HowStuffWorks
https://science.howstuffworks.com/neowise-comet.htm,"How to See NEOWISE, the First Visible Comet in Decades",hsw,HowStuffWorks
https://science.howstuffworks.com/how-to-best-view-meteor-showers.htm,Astronomers Tell You How and Where to Best View Meteor Showers,hsw,HowStuffWorks
https://science.howstuffworks.com/transport/flight/classic/bessie-coleman.htm,Bessie Coleman: America's First Black Female Aviatrix,hsw,HowStuffWorks
https://science.howstuffworks.com/transport/flight/modern/mayday.htm,Why Is 'Mayday' the International Distress Call?,hsw,HowStuffWorks
https://science.howstuffworks.com/transport/flight/modern/airplane-cabin-pressure.htm,How Are Airplane Cabins Pressurized?,hsw,HowStuffWorks
