https://www.livescience.com/llm-never-gain-weight.html,"Why do some people never gain weight?


By

Isobel Whitcomb 





There's no genetic on-off switch for thinness.",LS,Live Science
https://www.livescience.com/coronavirus-circulating-bats-decades.html,"Ancestors of coronavirus have been hiding out in bats for decades, ready to infect humans",LS,Live Science
https://www.livescience.com/zombie-cicadas-lure-victims.html,Mind-controlling fungus makes zombie cicadas lure other cicadas to a zombie fate,LS,Live Science
https://www.livescience.com/ancient-clay-head-may-depict-god.html,"3,000-year-old head may be face of God
Not everyone is convinced.",LS,Live Science
https://www.livescience.com/45986-what-is-chemistry.html,"What is chemistry?
Chemistry is involved in everything we do.",LS,Live Science
https://www.livescience.com/zombie-cicadas-lure-victims.html,Mind-controlling fungus makes zombie cicadas lure other cicadas to a zombie fate,LS,Live Science
https://www.livescience.com/ancient-clay-head-may-depict-god.html,"3,000-year-old head may be face of God",LS,Live Science
https://www.livescience.com/sperm-swim-like-corkscrews.html,"Sperm don't swim anything like we thought they did, new study finds",LS,Live Science
https://www.livescience.com/double-lung-transplant-covid19-home.html,First COVID-19 double-lung transplant patient goes home,LS,Live Science
https://www.livescience.com/summer-camp-covid-19-outbreak.html,260 kids and teens infected with COVID-19 at Georgia sleepaway camp,LS,Live Science
https://www.livescience.com/zombie-cicadas-lure-victims.html,Mind-controlling fungus makes zombie cicadas lure other cicadas to a zombie fate,LS,Live Science
https://www.livescience.com/ancient-clay-head-may-depict-god.html,"3,000-year-old head may be face of God",LS,Live Science
https://www.livescience.com/sperm-swim-like-corkscrews.html,"Sperm don't swim anything like we thought they did, new study finds",LS,Live Science
https://www.livescience.com/summer-camp-covid-19-outbreak.html,260 kids and teens infected with COVID-19 at Georgia sleepaway camp,LS,Live Science
https://www.livescience.com/ancient-microbes-wake-up.html,Sleeping microbes wake up after 100 million years buried under the seafloor,LS,Live Science
https://www.livescience.com/llm-never-gain-weight.html,"Why do some people never gain weight?


By

Isobel Whitcomb 





There's no genetic on-off switch for thinness.",LS,Live Science
https://www.livescience.com/what-is-consciousness.html,"What is consciousness?


By

Grant Currin 





Do non-human animals have consciousness, too?",LS,Live Science
