https://www.nature.com/siteindex,View all Nature Research journals,nature,Nature.com
https://www.nature.com/articles/d41586-020-02244-1,China’s coronavirus vaccines are leaping ahead – but face challenges as virus wanes,nature,Nature.com
https://www.nature.com/articles/d41586-020-02257-w,NASA has launched the most ambitious Mars rover ever built: here’s what happens next,nature,Nature.com
https://www.nature.com/articles/d41586-020-02243-2,Should virus-naming rules change during a pandemic? The question divides virologists,nature,Nature.com
https://www.nature.com/articles/s41586-020-2608-y,ChAdOx1 nCoV-19 vaccine prevents SARS-CoV-2 pneumonia in rhesus macaques,nature,Nature.com
https://www.nature.com/articles/d41586-020-02271-y,Daily Briefing: NASA’s Perseverance rover blasts off for Mars,nature,Nature.com
https://www.nature.com/articles/d41586-020-02288-3,‘It’s like we’re going back 30 years’: how the coronavirus is gutting diversity in science,nature,Nature.com
https://www.nature.com/articles/d41586-020-02244-1,China’s coronavirus vaccines are leaping ahead – but face challenges as virus wanes,nature,Nature.com
https://www.nature.com/articles/d41586-020-02243-2,Should virus-naming rules change during a pandemic? The question divides virologists,nature,Nature.com
https://www.nature.com/articles/d41586-020-00502-w,Coronavirus research updates: Vaccine candidate protects monkeys from infection,nature,Nature.com
https://www.nature.com/articles/d41586-020-02257-w,NASA has launched the most ambitious Mars rover ever built: here’s what happens next,nature,Nature.com
https://www.nature.com/articles/d41586-020-02082-1,Pluto’s dark side spills its secrets — including hints of a hidden ocean,nature,Nature.com
https://www.nature.com/articles/d41586-020-02230-7,The quantum Hall effect continues to reveal its secrets to mathematicians and physicists,nature,Nature.com
https://www.nature.com/articles/d41586-020-02210-x,Rethinking extinctions that arise from habitat loss,nature,Nature.com
https://www.nature.com/articles/d41586-020-02046-5,The Phoenix stellar stream rose from the ashes of an ancient star cluster,nature,Nature.com
https://www.nature.com/articles/d41586-020-02211-w,New class of molecule targets proteins outside cells for degradation,nature,Nature.com
https://www.nature.com/articles/d41586-020-02139-1,Expanded ENCODE delivers invaluable genomic encyclopedia,nature,Nature.com
https://www.nature.com/articles/d41586-020-02158-y,Stretch exercises for stem cells expand the skin,nature,Nature.com
https://www.nature.com/articles/d41586-020-01675-0,How the flame lily synthesizes a therapeutic natural product,nature,Nature.com
https://www.nature.com/articles/d41586-020-02138-2,Five centuries of human observation reveal Europe’s flood history,nature,Nature.com
https://www.nature.com/articles/d41586-020-02137-3,"Evidence grows that peopling of the Americas began more than 20,000 years ago",nature,Nature.com
https://www.nature.com/articles/d41586-020-02008-x,Electronics tuned in twisted bilayer graphene,nature,Nature.com
https://www.nature.com/articles/s41586-020-2607-z,Single-shot Ad26 vaccine protects against SARS-CoV-2 in rhesus macaques,nature,Nature.com
https://www.nature.com/articles/s41586-020-2605-1,DNA targeting and interference by a bacterial Argonaute nuclease,nature,Nature.com
https://www.nature.com/articles/s41586-020-2608-y,ChAdOx1 nCoV-19 vaccine prevents SARS-CoV-2 pneumonia in rhesus macaques,nature,Nature.com
https://www.nature.com/articles/s41586-020-2604-2,Microbiota-derived metabolite promotes HDAC3 activity in the gut,nature,Nature.com
https://www.nature.com/articles/s41586-020-2077-3,A large-scale binding and functional map of human RNA-binding proteins,nature,Nature.com
https://www.nature.com/naturecareers/events/event/committee-on-space-research-cospar-77887,43rd COSPAR Scientific Assembly and Associated Events,nature,Nature.com
https://www.nature.com/naturecareers/events/event/celforpharma-92263,The Health Technology Assessment Course,nature,Nature.com
https://www.nature.com/naturecareers/events/event/celforpharma-92317,The Strategic Digital Pharma Marketing Course,nature,Nature.com
https://www.nature.com/naturecareers/events/event/celforpharma-92267,Accelerating Market Access in Rare Diseases,nature,Nature.com
https://www.nature.com/naturecareers/events/event/celforpharma-92251,Value Pricing for Market Access,nature,Nature.com
https://www.nature.com/naturecareers/job/mitarbeiter-in-der-wissenschaftsstrategie-mit-fokus-itsicherheit-mwd-helmholtz-center-for-information-security-cispa-724381,Mitarbeiter in der Wissenschaftsstrategie mit Fokus IT-Sicherheit (M/W/D),nature,Nature.com
https://www.nature.com/naturecareers/job/masterthesis-environmental-modelingenvironmental-informatics-mfx-helmholtz-centre-for-environmental-research-ufz-724540,Masterthesis Environmental modeling/Environmental Informatics (m/f/x),nature,Nature.com
https://www.nature.com/naturecareers/job/48413-computer-scientist-or-similar-cyber-security-for-maritime-infrastructures-german-aerospace-center-dlr-725510,48413: Computer Scientist or similar - Cyber Security for maritime infrastructures,nature,Nature.com
https://www.nature.com/naturecareers/job/scientist-tenure-track-position-german-electron-synchrotron-desy-725592,Scientist - Tenure Track position,nature,Nature.com
https://www.nature.com/naturecareers/job/instrument-scientist-postdoc-neutron-backscattering-spectrometer-julich-research-centre-fzj-725942,Instrument Scientist / Postdoc - Neutron Backscattering Spectrometer,nature,Nature.com
