https://www.popsci.com//story/technology/corning-gorilla-glass-victus/,Corning’s new Gorilla Glass could make your phone screen a lot harder to break,popsci,Popular Science
https://www.popsci.com//story/technology/corning-gorilla-glass-victus/,It can survive higher falls and endure more pressure before scratching.,popsci,Popular Science
https://www.popsci.com//story/technology/ultimate-gaming-setup/,Build a pro-level PC gaming setup in three steps,popsci,Popular Science
https://www.popsci.com//story/technology/ultimate-gaming-setup/,Your gaming regimen deserves supreme equipment.,popsci,Popular Science
https://www.popsci.com//story/sponsored-post/deskspace-planetary-system/,Get this to up your desk game,popsci,Popular Science
https://www.popsci.com//story/sponsored-post/deskspace-planetary-system/,Save 14 percent on the DeskSpace planetary system and get inspired.,popsci,Popular Science
https://www.popsci.com//story/diy/build-cutting-board-storage/,Save space by building this simple cutting board rack inside any door,popsci,Popular Science
https://www.popsci.com//story/diy/build-cutting-board-storage/,Kitchen organization you didn't know you needed.,popsci,Popular Science
https://www.popsci.com//story/technology/private-browsing-protections/,Incognito and private mode offer fewer protections than you think,popsci,Popular Science
https://www.popsci.com//story/technology/private-browsing-protections/,Get in the habit of closing your window frequently.,popsci,Popular Science
https://www.popsci.com//story/health/cervical-cancer-screening-hpv-pap-smear/,Pap smears are no longer the best way to screen for cervical cancer,popsci,Popular Science
https://www.popsci.com//story/health/cervical-cancer-screening-hpv-pap-smear/,The American Cancer Society now recommends people over 25 be tested for HPV every five years.,popsci,Popular Science
https://www.popsci.com//story/sponsored-post/flexex-hand-exerciser/,"If you work with your hands, you need to try these FlexEx Hand Exercisers",popsci,Popular Science
https://www.popsci.com//story/sponsored-post/flexex-hand-exerciser/,"Save 33 percent on a triple pack, for three levels of resistance training.",popsci,Popular Science
https://www.popsci.com//story/diy/safe-summer-activities-guide-covid/,How to enjoy summer in a pandemic,popsci,Popular Science
https://www.popsci.com//story/diy/safe-summer-activities-guide-covid/,We still have some summer left.,popsci,Popular Science
https://www.popsci.com//story/health/hydroxychloroquine-covid-19-treatment/,The verdict on hydroxychloroquine is in,popsci,Popular Science
https://www.popsci.com//story/environment/seeds-mail-advice/,What not to do with the mysterious seeds you received in the mail recently,popsci,Popular Science
https://www.popsci.com//story/technology/flight-simulator-micorosoft-2020/,Microsoft’s new Flight Simulator looks real enough to scratch your air-travel itch,popsci,Popular Science
https://www.popsci.com//story/technology/iphone-12-delayed-release-rumors/,The new iPhone  will show up late this year—here’s what we know about it so far,popsci,Popular Science
https://www.popsci.com//story/animals/texas-exotic-animal-breeding/,Escaped exotic animals are changing the Texas landscape,popsci,Popular Science
https://www.popsci.com//story/sponsored-post/python-3-complete-masterclass-certification-bundle/,Hone your developer skills with this Python 3 masterclass,popsci,Popular Science
https://www.popsci.com//story/health/sars-cov-2-coronavirus-history-bats/,The virus that causes COVID-19 has been silently brewing in bats for decades,popsci,Popular Science
https://www.popsci.com//story/environment/hurricanes-nursing-homes-power-heat/,Nursing homes aren’t equipped to provide life-saving A/C in the event of a power outage,popsci,Popular Science
https://www.popsci.com//story/shop/solar-powered-watches/,Eco-friendly solar watches to power ahead,popsci,Popular Science
https://www.popsci.com//story/shop/ice-pop-molds/,"Popsicle molds for healthy, satisfying treats",popsci,Popular Science
https://www.popsci.com//story/shop/best-bar-carts/,The best bar carts for a beautiful home,popsci,Popular Science
https://www.popsci.com//story/diy/useful-email-alerts/,10 email alerts you’ll actually want in your inbox,popsci,Popular Science
https://www.popsci.com//story/science/mars-2020-launch/,Watch NASA launch its next rover to Mars,popsci,Popular Science
https://www.popsci.com//story/health/covid-restaurant/,The safest way to eat at your favorite restaurant during the pandemic,popsci,Popular Science
https://www.popsci.com//story/health/flu-shot-alzheimers-disease-dementia/,Vaccines for flu and pneumonia could reduce your chances of getting Alzheimer’s,popsci,Popular Science
https://www.popsci.com//story/sponsored-post/ticwatch-sport/,New sport smartwatch from Google features latest operating system,popsci,Popular Science
https://www.popsci.com//story/technology/tech-ceos-congressional-hearing-competition-transparency/,Let’s watch some of the world’s biggest tech CEOs speak in front of Congress,popsci,Popular Science
https://www.popsci.com//story/environment/deforestation-pandemics-viruses/,•Protecting nature could prevent the next pandemic,popsci,Popular Science
https://www.popsci.com//story/science/preparing-for-next-pandemic/,•There’s a dangerous virus brewing in pigs—but there’s no need to panic yet,popsci,Popular Science
https://www.popsci.com//which-sunscreen-safe-effective/,"•Your summer guide to sunscreen, from SPF to not-so-magic pills",popsci,Popular Science
https://www.popsci.com//story/diy/evacuate-storm-disaster-during-pandemic/,•How to evacuate and find emergency shelter during a pandemic,popsci,Popular Science
https://www.popsci.com//story/technology/revolution-core-32-balance-board-exercise/,"•Balance boards make for a scary, fun, and surprisingly perfect pandemic workout",popsci,Popular Science
https://www.popsci.com//keep-cool-minimal-ac/,•Five ways to stay cool without blasting the AC,popsci,Popular Science
https://www.popsci.com//story/health/endurance-athletes-push-mental-limits/,•These ultramarathoners say life is easier after running 40 miles on frozen backwoods trails,popsci,Popular Science
https://www.popsci.com//story/diy/wireless-charger-table-build/,Build a wireless charger right into a table,popsci,Popular Science
https://www.popsci.com//story/environment/klamath-river-dam-removal-fight/,They tried to tame the Klamath River. They filled it with toxic algae instead.,popsci,Popular Science
https://www.popsci.com//story/animals/beetle-cam/,Scientists strapped tiny cameras to beetles to get a bug’s-eye view of the world,popsci,Popular Science
https://www.popsci.com//story/environment/pebble-mine-permit-public-comment/,Local opposition to Alaska’s Pebble Mine grows as the project reaches the next milestone,popsci,Popular Science
https://www.popsci.com//story/technology/sony-a7s-iii-mirrorless-camera/,Sony’s long-awaited A7S III is built for shooting high-res video in the dark,popsci,Popular Science
https://www.popsci.com//story/technology/sony-a7s-iii-mirrorless-camera/,Its 12-megapixel sensor can collect lots of light and spit out seriously stellar footage.,popsci,Popular Science
https://www.popsci.com//story/space/mars-past-mission-gallery/,12 stunning images from past Mars missions,popsci,Popular Science
https://www.popsci.com//story/space/mars-past-mission-gallery/,A look back on iconic Mars missions as NASA's Perseverance launches this week.,popsci,Popular Science
https://www.popsci.com//story/sponsored-post/sleepletics-sheet-sets/,Get the best night’s sleep with these Celliant-infused sheets,popsci,Popular Science
https://www.popsci.com//story/sponsored-post/sleepletics-sheet-sets/,These highly-rated Sleepletics sheet sets promotes blood flow and better regulates body temperature to ensure your best sleep yet.,popsci,Popular Science
https://www.popsci.com//story/health/appendicitis-antibiotics-children-surgery/,Antibiotics could replace surgery for some kids with appendicitis,popsci,Popular Science
https://www.popsci.com//story/health/appendicitis-antibiotics-children-surgery/,"For certain groups, taking a course of antibiotics for appendicitis can be just as effective as surgery.",popsci,Popular Science
https://www.popsci.com//story/diy/wild-game-fish-sandwich-recipes/,Eight great sandwiches to make with your wild game and fish,popsci,Popular Science
https://www.popsci.com//story/diy/wild-game-fish-sandwich-recipes/,"Loaded with venison, hog, fish, and more, these are the best things in sliced bread.",popsci,Popular Science
https://www.popsci.com//story/science/trans-myths-jk-rowling/,Exploring the common misconceptions regarding trans and non-binary identities,popsci,Popular Science
https://www.popsci.com//story/science/trans-myths-jk-rowling/,Eight reasons why anti-trans rants are unscientific.,popsci,Popular Science
https://www.popsci.com//story/health/anti-aging-treatment-oxygen/,Inhaling pure oxygen could keep your brain younger for longer,popsci,Popular Science
https://www.popsci.com//story/health/anti-aging-treatment-oxygen/,A (pricey) breath of fresh air for anti-aging research.,popsci,Popular Science
https://www.popsci.com//story/technology/police-surveillance-blm-protests/,Police can surveil protests from participants’ pockets and homes,popsci,Popular Science
https://www.popsci.com//story/health/coroanvirus-vaccine-moderna-nih-phase-3/,"Moderna’s coronavirus vaccine has started a nationwide, Phase 3 trial",popsci,Popular Science
https://www.popsci.com//story/health/coroanvirus-vaccine-moderna-nih-phase-3/,The CDC also updated its guidelines for how long people must self-isolate after testing positive for COVID-19.,popsci,Popular Science
https://www.popsci.com//story/sponsored-post/hypergear-portable-charger-deals/,Looking for portable power? These chargers from HyperGear are on sale today.,popsci,Popular Science
https://www.popsci.com//story/sponsored-post/hypergear-portable-charger-deals/,"Keep all your devices powered, wherever you go.",popsci,Popular Science
https://www.popsci.com//story/diy/gaming-tweaks-windows/,Nine tweaks to supercharge your gaming PC,popsci,Popular Science
https://www.popsci.com//story/diy/gaming-tweaks-windows/,Smooth out your path to victory.,popsci,Popular Science
https://www.popsci.com//story/technology/bowling-ball-insides-photos/,The insides of pro bowling balls will make your head spin,popsci,Popular Science
https://www.popsci.com//story/technology/bowling-ball-insides-photos/,They're way cooler than the ones at your local alley.,popsci,Popular Science
