https://www.sciencenewsforstudents.org/article/alaska-glacier-little-green-moss-balls-roll-in-herds,"On an Alaskan glacier, little green moss balls roll in herds",snfs,Science News for Students
https://www.sciencenewsforstudents.org/article/regeneron-science-talent-search-teens-big-problems-research,"For teens, big problems may lead to meaningful research",snfs,Science News for Students
https://www.sciencenewsforstudents.org/article/can-we-taste-fat-brain,Can we taste fat? The brain thinks so,snfs,Science News for Students
https://www.sciencenewsforstudents.org/article/can-we-taste-fat-brain,Can we taste fat? The brain thinks so,snfs,Science News for Students
https://www.sciencenewsforstudents.org/article/covid-19-vaccine-coronavirus-oxford-cansino-pfizer-immune-response,New COVID-19 vaccines show promise in people,snfs,Science News for Students
https://www.sciencenewsforstudents.org/article/alaska-glacier-little-green-moss-balls-roll-in-herds,"On an Alaskan glacier, little green moss balls roll in herds",snfs,Science News for Students
https://www.sciencenewsforstudents.org/article/australian-wildfires-pumped-smoke-to-record-heights,Australian wildfires pumped smoke to record heights,snfs,Science News for Students
https://www.sciencenewsforstudents.org/article/lets-learn-about-coral-reefs,Let’s learn about coral reefs,snfs,Science News for Students
https://www.sciencenewsforstudents.org/article/saturn-moon-titan-flat-spots-ancient-lakes,Saturn’s moon Titan may host lots of dried lakes,snfs,Science News for Students
https://www.sciencenewsforstudents.org/article/milky-way-giant-gas-bubbles-visible-light,Spotted: Milky Way’s giant gas bubbles in visible light,snfs,Science News for Students
https://www.sciencenewsforstudents.org/article/regeneron-science-talent-search-teens-big-problems-research,"For teens, big problems may lead to meaningful research",snfs,Science News for Students
https://www.sciencenewsforstudents.org/article/device-generates-electricity-using-shadows,A contrast between shadows and light can now generate electricity,snfs,Science News for Students
https://www.sciencenewsforstudents.org/article/regeneron-science-talent-search-teens-big-problems-research,"For teens, big problems may lead to meaningful research",snfs,Science News for Students
https://www.sciencenewsforstudents.org/article/saturn-moon-titan-flat-spots-ancient-lakes,Saturn’s moon Titan may host lots of dried lakes,snfs,Science News for Students
https://www.sciencenewsforstudents.org/article/alaska-glacier-little-green-moss-balls-roll-in-herds,"On an Alaskan glacier, little green moss balls roll in herds",snfs,Science News for Students
https://www.sciencenewsforstudents.org/article/covid-19-vaccine-coronavirus-oxford-cansino-pfizer-immune-response,New COVID-19 vaccines show promise in people,snfs,Science News for Students
https://www.sciencenewsforstudents.org/article/remdesivir-covid-19-coronavirus-treatment-pandemic,Remdesivir is looking even better at fighting COVID-19,snfs,Science News for Students
https://www.sciencenewsforstudents.org/article/millions-of-likely-u-s-covid-19-cases-have-gone-undiagnosed,Millions of likely U.S. COVID-19 cases have gone undiagnosed,snfs,Science News for Students
https://www.sciencenewsforstudents.org/article/here-are-some-free-resources-for-kids-and-parents-now-learning-at-home,Here are some free resources for kids (and parents) now learning at home,snfs,Science News for Students
https://www.sciencenewsforstudents.org/blog/eureka-lab/popping-my-own-corny-experiment,Popping my own corny experiment,snfs,Science News for Students
https://www.sciencenewsforstudents.org/article/what-you-need-to-know-about-murder-hornets,What you need to know about ‘murder hornets’,snfs,Science News for Students
https://www.sciencenewsforstudents.org/article/what-makes-pretty-face,What makes a pretty face?,snfs,Science News for Students
https://www.sciencenewsforstudents.org/article/explainer-earth-layer-layer,Explainer: Earth — layer by layer,snfs,Science News for Students
https://www.sciencenewsforstudents.org/article/alaska-glacier-little-green-moss-balls-roll-in-herds,"On an Alaskan glacier, little green moss balls roll in herds",snfs,Science News for Students
https://www.sciencenewsforstudents.org/article/saturn-moon-titan-flat-spots-ancient-lakes,Saturn’s moon Titan may host lots of dried lakes,snfs,Science News for Students
https://www.sciencenewsforstudents.org/article/lets-learn-about-coral-reefs,Let’s learn about coral reefs,snfs,Science News for Students
https://www.sciencenewsforstudents.org/article/rover-design-moon-mars-wheels-sand-soil,Wiggly wheels might help rovers plow through loose lunar soils,snfs,Science News for Students
https://www.sciencenewsforstudents.org/article/oobleck-cornstarch-water-running-physics-trick,Physicists foil classic oobleck science trick,snfs,Science News for Students
https://www.sciencenewsforstudents.org/article/theres-science-to-making-great-fried-rice,There’s science to making great fried rice,snfs,Science News for Students
https://www.sciencenewsforstudents.org/article/heres-how-butterfly-wings-keep-cool-in-the-sun,Here’s how butterfly wings keep cool in the sun,snfs,Science News for Students
https://www.sciencenewsforstudents.org/article/developing-planet-forming-images-swirl-gas-dust,Developing planet emerges in a swirl of gas,snfs,Science News for Students
https://www.sciencenewsforstudents.org/article/alaska-glacier-little-green-moss-balls-roll-in-herds,"On an Alaskan glacier, little green moss balls roll in herds",snfs,Science News for Students
https://www.sciencenewsforstudents.org/article/lightning-megaflashes-new-distance-and-duration-records,Lightning megaflashes set big new distance and duration records,snfs,Science News for Students
https://www.sciencenewsforstudents.org/article/heavy-rain-kilauea-volcano-lava-eruption,Did rain put the Kilauea volcano’s lava-making into overdrive?,snfs,Science News for Students
https://www.sciencenewsforstudents.org/article/milky-way-giant-gas-bubbles-visible-light,Spotted: Milky Way’s giant gas bubbles in visible light,snfs,Science News for Students
https://www.sciencenewsforstudents.org/article/oldest-disk-galaxy-wolfe-alma-galaxy-growth,Oldest disk galaxy puts a new spin on galaxy growth,snfs,Science News for Students
https://www.sciencenewsforstudents.org/article/lets-learn-about-the-sun,Let’s learn about the sun,snfs,Science News for Students
https://www.sciencenewsforstudents.org/article/smart-toilets-are-almost-here,Waiting for a ‘smart’ toilet? It’s nearly here,snfs,Science News for Students
https://www.sciencenewsforstudents.org/article/gut-microbes-love-excercise-microbiome,Our gut microbes love a good workout,snfs,Science News for Students
https://www.sciencenewsforstudents.org/article/australian-wildfires-pumped-smoke-to-record-heights,Australian wildfires pumped smoke to record heights,snfs,Science News for Students
https://www.sciencenewsforstudents.org/article/fossil-fuels-appear-to-release-far-more-methane-than-we-thought,Fossil fuels appear to release far more methane than we thought,snfs,Science News for Students
https://www.sciencenewsforstudents.org/article/what-you-need-to-know-about-murder-hornets,What you need to know about ‘murder hornets’,snfs,Science News for Students
https://www.sciencenewsforstudents.org/article/bumblebees-may-bite-leaves-to-spur-plant-blooming,Bumblebees may bite leaves to spur plant blooming,snfs,Science News for Students
https://www.sciencenewsforstudents.org/article/explainer-how-our-eyes-make-sense-of-light,Explainer: How our eyes make sense of light,snfs,Science News for Students
https://www.sciencenewsforstudents.org/article/sleep-helps-teens-cope-with-discrimination,Sleep helps teens cope with discrimination,snfs,Science News for Students
https://www.sciencenewsforstudents.org/article/understanding-light-and-other-forms-of-energy-on-the-move,Understanding light and other forms of energy on the move,snfs,Science News for Students
https://www.sciencenewsforstudents.org/article/shape-shifting-cuts-give-shoes-a-better-grip,Shape-shifting cuts give shoes a better grip,snfs,Science News for Students
https://www.sciencenewsforstudents.org/article/can-we-taste-fat-brain,Can we taste fat? The brain thinks so,snfs,Science News for Students
https://www.sciencenewsforstudents.org/article/covid-19-vaccine-coronavirus-oxford-cansino-pfizer-immune-response,New COVID-19 vaccines show promise in people,snfs,Science News for Students
