https://www.elwatan.com/edition/actualite/la-france-face-a-ses-responsabilites-27-08-2020,Décontamination et indemnisation des victimes des essais nucléaires en Algérie : La France face à ses responsabilités,elwatan,El watan
https://www.elwatan.com/edition/economie/le-ministere-du-commerce-reactualise-sa-liste-le-sucre-et-les-pates-alimentaires-interdits-a-lexportation-27-08-2020,Le ministère du commerce réactualise sa liste : Le sucre et les pâtes alimentaires interdits à l’exportation,elwatan,El watan
https://www.elwatan.com/edition/actualite/sante-le-gouvernement-devoile-les-grands-axes-de-sa-reforme-hospitaliere-27-08-2020,Santé : Le gouvernement dévoile les grands axes de sa réforme hospitalière,elwatan,El watan
https://www.elwatan.com/edition/actualite/le-juteux-business-des-cours-particuliers-27-08-2020,Examens de fin d’année au temps de la Covid : Le juteux business des cours particuliers,elwatan,El watan
https://www.elwatan.com/edition/actualite/deux-fils-de-gaid-salah-interdits-de-quitter-le-territoire-national-27-08-2020,Deux fils de Gaïd Salah interdits de quitter le territoire national,elwatan,El watan
https://www.elwatan.com/edition/international/la-bande-de-ghaza-sous-couvre-feu-la-covid-19-et-israel-sallient-contre-les-ghazaouis-27-08-2020,La bande de Ghaza sous couvre-feu : La Covid-19 et Israël s’allient contre les Ghazaouis,elwatan,El watan
https://www.elwatan.com/pages-hebdo/magazine/retour-aux-plages-dechets-salete-et-incivisme-27-08-2020,"Retour aux plages : Déchets, saleté et incivisme !",elwatan,El watan
https://www.elwatan.com/edition/actualite/lindisponibilite-de-leau-potable-au-centre-des-debats-26-08-2020,Les réserves d’eau en nette diminution,elwatan,El watan
https://www.elwatan.com/edition/actualite/la-france-face-a-ses-responsabilites-27-08-2020,Décontamination et indemnisation des victimes des essais nucléaires ...,elwatan,El watan
https://www.elwatan.com/edition/actualite/les-effets-devastateurs-de-la-crise-de-confiance-27-08-2020,Béjaïa parmi les wilayas les plus touchées par la covid-19 : Les ef...,elwatan,El watan
https://www.elwatan.com/edition/actualite/le-proces-de-mme-maya-renvoye-au-30-septembre-prochain-27-08-2020,Le procès de «Mme Maya» renvoyé au 30 septembre prochain,elwatan,El watan
https://www.elwatan.com/edition/actualite/ahmed-ouyahia-transfere-hier-a-la-prison-de-abadla-djelfa-27-08-2020,Ahmed Ouyahia transféré hier à la prison de Abadla (Béchar),elwatan,El watan
https://www.elwatan.com/edition/actualite/des-effets-devastateurs-27-08-2020,Essais nucléaires français en Algérie : Des effets dévastateurs,elwatan,El watan
https://www.elwatan.com/edition/actualite/sante-le-gouvernement-devoile-les-grands-axes-de-sa-reforme-hospitaliere-27-08-2020,Santé : Le gouvernement dévoile les grands axes de sa réforme hospitalière,elwatan,El watan
https://www.elwatan.com/edition/actualite/le-juteux-business-des-cours-particuliers-27-08-2020,Examens de fin d’année au temps de la Covid : Le juteux business des cours particuliers,elwatan,El watan
https://www.elwatan.com/edition/actualite/deux-fils-de-gaid-salah-interdits-de-quitter-le-territoire-national-27-08-2020,Deux fils de Gaïd Salah interdits de quitter le territoire national,elwatan,El watan
https://www.elwatan.com/edition/actualite/la-france-face-a-ses-responsabilites-27-08-2020,Décontamination et indemnisation des victimes des essais nucléaires en Algérie : La France face à ses responsabilités,elwatan,El watan
https://www.elwatan.com/edition/actualite/les-effets-devastateurs-de-la-crise-de-confiance-27-08-2020,Béjaïa parmi les wilayas les plus touchées par la covid-19 : Les effets dévastateurs de la «crise de confiance»,elwatan,El watan
https://www.elwatan.com/edition/economie/le-ministere-du-commerce-reactualise-sa-liste-le-sucre-et-les-pates-alimentaires-interdits-a-lexportation-27-08-2020,Le ministère du commerce réactualise sa liste : Le sucre et les pâtes alimentaires interdits à l’exportation,elwatan,El watan
https://www.elwatan.com/edition/actualite/le-proces-de-mme-maya-renvoye-au-30-septembre-prochain-27-08-2020,Le procès de «Mme Maya» renvoyé au 30 septembre prochain,elwatan,El watan
https://www.elwatan.com/edition/actualite/ahmed-ouyahia-transfere-hier-a-la-prison-de-abadla-djelfa-27-08-2020,Ahmed Ouyahia transféré hier à la prison de Abadla (Béchar),elwatan,El watan
https://www.elwatan.com/point-zero/lettre-anonyme-avec-accuse-de-reception-27-08-2020,Lettre anonyme avec accusé de réception,elwatan,El watan
https://www.elwatan.com/reperes-eco/relance-economique-et-ciblage-des-activites-27-07-2020,Relance économique et ciblage des activités,elwatan,El watan
https://www.elwatan.com/chronique-de-a-merad/la-force-et-la-raison-25-06-2020,La force et la raison,elwatan,El watan
https://www.elwatan.com/edition/actualite/la-france-face-a-ses-responsabilites-27-08-2020,Décontamination et indemnisation des victimes des essais nucléaires ...,elwatan,El watan
https://www.elwatan.com/edition/economie/le-ministere-du-commerce-reactualise-sa-liste-le-sucre-et-les-pates-alimentaires-interdits-a-lexportation-27-08-2020,Le ministère du commerce réactualise sa liste : Le sucre et les pât...,elwatan,El watan
https://www.elwatan.com/edition/actualite/sante-le-gouvernement-devoile-les-grands-axes-de-sa-reforme-hospitaliere-27-08-2020,Santé : Le gouvernement dévoile les grands axes de sa réforme hospi...,elwatan,El watan
https://www.elwatan.com/edition/actualite/le-juteux-business-des-cours-particuliers-27-08-2020,Examens de fin d’année au temps de la Covid : Le juteux business de...,elwatan,El watan
https://www.elwatan.com/edition/actualite/deux-fils-de-gaid-salah-interdits-de-quitter-le-territoire-national-27-08-2020,Deux fils de Gaïd Salah interdits de quitter le territoire national,elwatan,El watan
https://www.elwatan.com/edition/international/la-bande-de-ghaza-sous-couvre-feu-la-covid-19-et-israel-sallient-contre-les-ghazaouis-27-08-2020,La bande de Ghaza sous couvre-feu : La Covid-19 et Israël s’allient...,elwatan,El watan
https://www.elwatan.com/edition/actualite/la-france-face-a-ses-responsabilites-27-08-2020,Décontamination et indemnisation des victimes des essais nucléaires ...,elwatan,El watan
https://www.elwatan.com/edition/actualite/les-effets-devastateurs-de-la-crise-de-confiance-27-08-2020,Béjaïa parmi les wilayas les plus touchées par la covid-19 : Les ef...,elwatan,El watan
https://www.elwatan.com/edition/actualite/le-proces-de-mme-maya-renvoye-au-30-septembre-prochain-27-08-2020,Le procès de «Mme Maya» renvoyé au 30 septembre prochain,elwatan,El watan
https://www.elwatan.com/edition/actualite/ahmed-ouyahia-transfere-hier-a-la-prison-de-abadla-djelfa-27-08-2020,Ahmed Ouyahia transféré hier à la prison de Abadla (Béchar),elwatan,El watan
https://www.elwatan.com/edition/actualite/des-effets-devastateurs-27-08-2020,Essais nucléaires français en Algérie : Des effets dévastateurs,elwatan,El watan
https://www.elwatan.com/edition/actualite/sante-le-gouvernement-devoile-les-grands-axes-de-sa-reforme-hospitaliere-27-08-2020,Santé : Le gouvernement dévoile les grands axes de sa réforme hospi...,elwatan,El watan
https://www.elwatan.com/edition/actualite/le-juteux-business-des-cours-particuliers-27-08-2020,Examens de fin d’année au temps de la Covid : Le juteux business de...,elwatan,El watan
https://www.elwatan.com/edition/actualite/la-france-face-a-ses-responsabilites-27-08-2020,Décontamination et indemnisation des victimes des essais nucléaires en Algérie : La France face à ses responsabilités,elwatan,El watan
https://www.elwatan.com/edition/actualite/les-effets-devastateurs-de-la-crise-de-confiance-27-08-2020,Béjaïa parmi les wilayas les plus touchées par la covid-19 : Les effets dévastateurs de la «crise de confiance»,elwatan,El watan
https://www.elwatan.com/edition/economie/le-ministere-du-commerce-reactualise-sa-liste-le-sucre-et-les-pates-alimentaires-interdits-a-lexportation-27-08-2020,Le ministère du commerce réactualise sa liste : Le sucre et les pâtes alimentaires interdits à l’exportation,elwatan,El watan
https://www.elwatan.com/edition/actualite/le-proces-de-mme-maya-renvoye-au-30-septembre-prochain-27-08-2020,Le procès de «Mme Maya» renvoyé au 30 septembre prochain,elwatan,El watan
https://www.elwatan.com/edition/actualite/ahmed-ouyahia-transfere-hier-a-la-prison-de-abadla-djelfa-27-08-2020,Ahmed Ouyahia transféré hier à la prison de Abadla (Béchar),elwatan,El watan
https://www.elwatan.com/point-zero/lettre-anonyme-avec-accuse-de-reception-27-08-2020,Lettre anonyme avec accusé de réception,elwatan,El watan
https://www.elwatan.com/chronique-de-a-merad/la-force-et-la-raison-25-06-2020,La force et la raison,elwatan,El watan
https://www.elwatan.com/reperes-eco/relance-economique-et-ciblage-des-activites-27-07-2020,Relance économique et ciblage des activités,elwatan,El watan
https://www.elwatan.com/edition/sports/paradou-ac-hakim-malek-nouvel-entraineur-27-08-2020,Paradou AC : Hakim Malek nouvel entraîneur,elwatan,El watan
https://www.elwatan.com/edition/sports/championnat-de-ligue-1-les-propositions-de-la-faf-27-08-2020,Championnat de Ligue 1 : Les propositions de la FAF,elwatan,El watan
https://www.elwatan.com/edition/economie/le-ministere-du-commerce-reactualise-sa-liste-le-sucre-et-les-pates-alimentaires-interdits-a-lexportation-27-08-2020,Le ministère du commerce réactualise sa liste : Le sucre et les pât...,elwatan,El watan
https://www.elwatan.com/edition/economie/applicable-dans-les-wilayas-du-sud-creation-dun-registre-du-commerce-de-troc-27-08-2020,Applicable dans les wilayas du Sud : Création d’un registre du com...,elwatan,El watan
https://www.elwatan.com/edition/economie/covid-19-baisse-de-98-du-pib-de-locde-au-2e-trimestre-2020-27-08-2020,"Covid-19 : Baisse de 9,8% du PIB de l’OCDE au 2e trimestre 2020",elwatan,El watan
https://www.elwatan.com/edition/economie/la-situation-economique-est-des-plus-critiques-un-taux-dinflation-de-plus-de-100-au-liban-27-08-2020,La situation économique est des plus critiques : Un taux d’inflatio...,elwatan,El watan
https://www.elwatan.com/edition/international/la-bande-de-ghaza-sous-couvre-feu-la-covid-19-et-israel-sallient-contre-les-ghazaouis-27-08-2020,La bande de Ghaza sous couvre-feu : La Covid-19 et Israël s’allient...,elwatan,El watan
https://www.elwatan.com/edition/international/conflit-du-sahara-occidental-lambassadeur-sahraoui-a-alger-met-en-garde-contre-linertie-de-lonu-27-08-2020,Conflit du Sahara Occidental : L’ambassadeur sahraoui à Alger met e...,elwatan,El watan
https://www.elwatan.com/edition/international/la-rasd-denonce-un-3e-projet-solaire-a-dakhla-occupee-27-08-2020,La RASD dénonce un 3e projet solaire à Dakhla occupée,elwatan,El watan
https://www.elwatan.com/edition/international/bielorussie-la-cour-supreme-refuse-dinvalider-le-resultat-de-la-presidentielle-27-08-2020,Biélorussie : La Cour suprême refuse d’invalider le résultat de l...,elwatan,El watan
https://www.elwatan.com/regions/est/annaba/vole-en-1996-recupere-et-expose-a-alger-depuis-2014-le-masque-de-la-gorgone-retrouve-le-forum-dhippone-regius-27-08-2020,"Volé en 1996, récupéré et exposé à Alger depuis 2014 : Le masque...",elwatan,El watan
https://www.elwatan.com/edition/culture/7e-edition-des-rencontres-strasbourg-mediterranee-hommage-a-idir-arkoun-et-mahmoud-darwich-26-08-2020,7e édition des rencontres Strasbourg-Méditerranée : Hommage à Idir...,elwatan,El watan
https://www.elwatan.com/edition/culture/palais-de-la-culture-moufdi-zakaria-de-kouba-a-alger-des-artistes-algeriens-distingues-26-08-2020,Palais de la Culture Moufdi Zakaria de Kouba à Alger : Des artistes a...,elwatan,El watan
https://www.elwatan.com/regions/est/annaba/vole-en-1996-recupere-et-expose-a-alger-depuis-2014-le-masque-de-la-gorgone-retrouve-le-forum-dhippone-regius-27-08-2020,"Volé en 1996, récupéré et exposé à Alger depuis 2014 : Le masque...",elwatan,El watan
https://www.elwatan.com/regions/est/actu-est/le-fleau-du-chomage-saccentue-a-cause-de-la-crise-sanitaire-25-08-2020,Boukhadra (Tébessa) : Le fléau du chômage s’accentue à cause de ...,elwatan,El watan
https://www.elwatan.com/regions/est/jijel/un-acces-pour-les-investisseurs-25-08-2020,ZAAP de Bourchaid (Jijel) : Un accès pour les investisseurs,elwatan,El watan
https://www.elwatan.com/regions/est/actu-est/reapparition-des-activites-saisonnieres-25-08-2020,Oum El Bouaghi : Réapparition des activités saisonnières,elwatan,El watan
https://www.elwatan.com/regions/est/actu-est/plusieurs-hectares-ravages-par-les-feux-de-foret-25-08-2020,Souk Ahras : Plusieurs hectares ravagés par les feux de forêt,elwatan,El watan
https://www.elwatan.com/regions/ouest/actu-ouest/algerie-poste-le-manque-de-liquidites-persiste-a-chlef-et-sidi-bel-abbes-25-08-2020,Algérie poste : Le manque de liquidités persiste à Chlef et Sidi Be...,elwatan,El watan
https://www.elwatan.com/regions/ouest/actu-ouest/relizane-des-porteurs-de-projets-reclament-des-terrains-25-08-2020,Relizane : Des porteurs de projets réclament des terrains,elwatan,El watan
https://www.elwatan.com/regions/ouest/tiaret/tiaret-74-associations-agreees-en-deux-mois-25-08-2020,Tiaret : 74 associations agréées en deux mois,elwatan,El watan
https://www.elwatan.com/regions/ouest/chlef/relizane-les-revendeurs-deau-douce-regularises-24-08-2020,Enfouissement des déchets sur le littoral de Chlef : Le nouveau CET a...,elwatan,El watan
https://www.elwatan.com/regions/kabylie/tizi-ouzou/universite-de-tizi-ouzou-retard-dans-la-livraison-de-10-000-places-pedagogiques-27-08-2020,Université de Tizi Ouzou : Retard dans la livraison de 10 000 places p...,elwatan,El watan
https://www.elwatan.com/regions/kabylie/tizi-ouzou/la-reprise-des-cours-simpose-si-lon-veut-sauver-lannee-universitaire-27-08-2020,Ouidir Belhimer. Coordinateur du Conseil national des enseignants du su...,elwatan,El watan
https://www.elwatan.com/regions/kabylie/tizi-ouzou/iboudrarene-inauguration-de-la-statue-du-colonel-amirouche-27-08-2020,Iboudrarène : Inauguration de la statue du colonel Amirouche,elwatan,El watan
https://www.elwatan.com/regions/centre/alger/plusieurs-responsables-de-la-seaal-limoges-une-gestion-contestable-attestee-par-des-coupures-recurrentes-27-08-2020,Plusieurs responsables de la SEAAL limogés : Une gestion contestable a...,elwatan,El watan
https://www.elwatan.com/regions/centre/alger/selon-les-statistiques-de-lepic-hupe-les-plages-des-circonscriptions-de-zeralda-et-dar-el-beida-insalubres-27-08-2020,Selon les statistiques de l’epic HUPE : Les plages des circonscriptio...,elwatan,El watan
https://www.elwatan.com/pages-hebdo/etudiant/universite-de-bechar-une-plante-endemique-du-sahara-contre-le-coronavirus-03-06-2020,Université de Béchar : Une plante endémique du Sahara contre le coro...,elwatan,El watan
https://www.elwatan.com/edition/contributions/camus-une-enfance-pauvre-au-17-rue-de-lyon-a-alger-22-08-2020,"Camus, une enfance pauvre au 17 rue de Lyon à Alger",elwatan,El watan
https://www.elwatan.com/edition/contributions/khaled-drareni-deux-ans-de-hirak-pour-rien-19-08-2020,"Khaled Drareni, deux ans de hirak pour rien ?",elwatan,El watan
https://www.elwatan.com/pages-hebdo/sup-eco/en-quete-de-nouvelles-ressources-face-aux-contraintes-budgetaires-cap-sur-la-rationalisation-des-depenses-27-07-2020,En quête de nouvelles ressources face aux contraintes budgétaires : ...,elwatan,El watan
https://www.elwatan.com/pages-hebdo/sup-eco/zine-barka-professeur-de-finances-publiques-sans-demarche-la-quete-des-ressources-supplementaires-ne-peut-etre-quephemere-27-07-2020,"Zine Barka .Professeur de finances publiques : «Sans démarche, la qu...",elwatan,El watan
https://www.elwatan.com/regions/kabylie/tizi-ouzou/universite-de-tizi-ouzou-retard-dans-la-livraison-de-10-000-places-pedagogiques-27-08-2020,Université de Tizi Ouzou : Retard dans la livraison de 10 000 places ...,elwatan,El watan
https://www.elwatan.com/regions/kabylie/tizi-ouzou/la-reprise-des-cours-simpose-si-lon-veut-sauver-lannee-universitaire-27-08-2020,Ouidir Belhimer. Coordinateur du Conseil national des enseignants du s...,elwatan,El watan
https://www.elwatan.com/pages-hebdo/magazine/retour-aux-plages-dechets-salete-et-incivisme-27-08-2020,"Retour aux plages : Déchets, saleté et incivisme !",elwatan,El watan
https://www.elwatan.com/pages-hebdo/auto/kits-skd-pour-vehicules-recul-de-plus-de-31-des-importations-en-2019-23-03-2020,Kits SKD pour véhicules : Recul de plus de 31% des importations en 20...,elwatan,El watan
https://www.elwatan.com/edition/economie/automobile-pas-daugmentation-des-tarifs-des-vignettes-01-03-2020,Automobile : Pas d’augmentation des tarifs des vignettes,elwatan,El watan
https://www.elwatan.com/pages-hebdo/france-actu/quartier-de-la-goutte-dor-la-petite-afrique-de-paris-09-08-2020,Quartier de la Goutte d’or : La «petite Afrique» de Paris,elwatan,El watan
https://www.elwatan.com/pages-hebdo/france-actu/de-plus-en-plus-lourd-detre-loin-la-detresse-des-etudiants-etrangers-bloques-en-france-08-08-2020,«De plus en plus lourd d’être loin» : La détresse des étudiants...,elwatan,El watan
https://www.elwatan.com/pages-hebdo/histoire/ahmed-zobiri-un-moudjahid-qui-decede-le-jour-de-son-voeu-24-08-2020,"Ahmed Zobiri, un moudjahid qui décède le jour de son… vœu",elwatan,El watan
https://www.elwatan.com/pages-hebdo/sante/fermeture-des-centres-specialises-et-changement-des-habitudes-le-confinement-source-dangoisse-pour-les-enfants-autistes-11-08-2020,Fermeture des centres spécialisés et changement des habitudes : Le c...,elwatan,El watan
https://www.elwatan.com/pages-hebdo/portrait/evocation-kader-benaicha-parcours-dun-battant-un-militant-associatif-18-08-2020,"Évocation. Kader Benaïcha : Parcours d’un battant, un militant ass...",elwatan,El watan
https://www.elwatan.com/pages-hebdo/portrait/larinouna-maamar-marathonman-du-tourisme-11-08-2020,Larinouna Mâamar : Marathonman du tourisme,elwatan,El watan
