http://www.elmoudjahid.com/fr/videos/340,"Vidéos
25 août 1958, une date méconnue de la révolution algérienne",mhjd,El Moudjahid
http://www.elmoudjahid.com/fr/videos/339,"Vidéos
Dr Fawzi Derrar, directeur général par intérim de l’Institut Pasteur au Forum d'El Moudjahid",mhjd,El Moudjahid
http://www.elmoudjahid.com/fr/videos/338,"Vidéos
M. Djeridène , invité du Forum",mhjd,El Moudjahid
http://www.elmoudjahid.com/fr/videos/337,"Vidéos
Forum de la mémoire : 83éme anniversaire de la création du PPA",mhjd,El Moudjahid
http://www.elmoudjahid.com/fr/videos/336,"Vidéos
Au Forum d'El Moudjahid : Me Nadia Aït Zaïmilitante des droitsde l’homme",mhjd,El Moudjahid
http://www.elmoudjahid.com/fr/videos/334,"Vidéos
Hommage à Larbi Ben M’hidi : Les Scouts musulmans dans la lutte de Libération",mhjd,El Moudjahid
http://www.elmoudjahid.com/fr/videos/333,"Vidéos
M. Aïssa Bekkaï, ministre délégué chargé du Commerce extérieur,sera notre invité",mhjd,El Moudjahid
http://www.elmoudjahid.com/fr/videos/332,"Vidéos
FORUM DE LA MÉMOIRE : La protection des symboles de la Révolution dans la nouvelle Constitution",mhjd,El Moudjahid
http://www.elmoudjahid.com/fr/videos/331,"Vidéos
Au forum d'El Moudjahid : M. Azouza, directeur de l’Office national du pèlerinage",mhjd,El Moudjahid
http://www.elmoudjahid.com/fr/videos/330,"Vidéos
AU FORUM DE LA MÉMOIRE : Hommage aux éducateurs des enfants de chouhada",mhjd,El Moudjahid
http://www.elmoudjahid.com/fr/actualites/156371,"Reportage, A la découverte du plateau de Tizi-Halouane  : Des paysages époustouflants",mhjd,El Moudjahid
http://www.elmoudjahid.com/fr/actualites/156240,Dispositif spécial confinement  de la gendarmerie à Boumerdès : Mobilisation et vigilance accrues,mhjd,El Moudjahid
http://www.elmoudjahid.com/fr/actualites/152185,"Villages Illitene et Ath Mansour (Bouira) :  «Rien n’est solitaire,tout est solidaire»",mhjd,El Moudjahid
http://www.elmoudjahid.com/fr/videos/340 ,"Video
25 août 1958, une date méconnue de la révolution algérienne",mhjd,El Moudjahid
http://www.elmoudjahid.com/fr/videos/339 ,"Video
Dr Fawzi Derrar, directeur général par intérim de l’Institut Pasteur au Forum d'El Moudjahid",mhjd,El Moudjahid
http://www.elmoudjahid.com/fr/videos/338 ,"Video
M. Djeridène , invité du Forum",mhjd,El Moudjahid
http://www.elmoudjahid.com/fr/videos/337 ,"Video
Forum de la mémoire : 83éme anniversaire de la création du PPA",mhjd,El Moudjahid
http://www.elmoudjahid.com/fr/videos/336 ,"Video
Au Forum d'El Moudjahid : Me Nadia Aït Zaïmilitante des droitsde l’homme",mhjd,El Moudjahid
http://www.elmoudjahid.com/fr/videos/334 ,"Video
Hommage à Larbi Ben M’hidi : Les Scouts musulmans dans la lutte de Libération",mhjd,El Moudjahid
http://www.elmoudjahid.com/fr/videos/333 ,"Video
M. Aïssa Bekkaï, ministre délégué chargé du Commerce extérieur,sera notre invité",mhjd,El Moudjahid
http://www.elmoudjahid.com/fr/videos/332 ,"Video
FORUM DE LA MÉMOIRE : La protection des symboles de la Révolution dans la nouvelle Constitution",mhjd,El Moudjahid
http://www.elmoudjahid.com/fr/videos/331 ,"Video
Au forum d'El Moudjahid : M. Azouza, directeur de l’Office national du pèlerinage",mhjd,El Moudjahid
http://www.elmoudjahid.com/fr/videos/330 ,"Video
AU FORUM DE LA MÉMOIRE : Hommage aux éducateurs des enfants de chouhada",mhjd,El Moudjahid
http://www.elmoudjahid.com/fr/inscription/requestpass,» Problème de mot de passe ?,mhjd,El Moudjahid
